{
	"ColaAVL" : 0,
	"ColaBinario" : 0,
	"ColaEspanta" : 0,
	"ColaHEAP" : 0,
	"ColaSplay" : 0,
	"Dinero" : 99209.0,
	"EspantapajarosDispo" : 0,
	"FrutosAVL" : 0,
	"FrutosBinario" : 0,
	"FrutosHeap" : 22,
	"FrutosSplay" : 0,
	"Matriz" : 
	[
		[
			{
				"cantidadFrutos" : 8,
				"columna" : 0,
				"datosArbol" : 
				{
					"arr" : 
					[
						4.0535474013566155,
						4.0219882674256615,
						2.904647048339505,
						2.94575929216884,
						3.7291303740444981,
						1.1656550350043797,
						2.2674315204852582,
						0.72321797086133388
					],
					"tamano" : 8,
					"tamanoMaximo" : 30
				},
				"fila" : 0,
				"frutosPerdidos" : 0,
				"frutosVendidos" : 0,
				"letra" : "H",
				"montoTotal" : 21.811376909686089
			},
			{
				"cantidadFrutos" : 7,
				"columna" : 0,
				"datosArbol" : 
				{
					"arr" : 
					[
						4.7957061646899408,
						2.7994789906426276,
						3.8527346807153888,
						2.1909175743859537,
						0.58556076407193425,
						1.1664349060893204,
						3.2367124427532254
					],
					"tamano" : 7,
					"tamanoMaximo" : 30
				},
				"fila" : 1,
				"frutosPerdidos" : 0,
				"frutosVendidos" : 0,
				"letra" : "H",
				"montoTotal" : 18.627545523348388
			},
			{
				"cantidadFrutos" : 7,
				"columna" : 0,
				"datosArbol" : 
				{
					"arr" : 
					[
						4.4110765455102658,
						3.8509001952448085,
						4.1934731419427562,
						0.18654886101391277,
						1.3438975750271804,
						2.5314695758096177,
						2.8166237326278387
					],
					"tamano" : 7,
					"tamanoMaximo" : 30
				},
				"fila" : 2,
				"frutosPerdidos" : 0,
				"frutosVendidos" : 0,
				"letra" : "H",
				"montoTotal" : 19.333989627176379
			},
			null,
			null,
			null,
			null,
			null,
			null,
			null
		],
		[
			null,
			{
				"cantidadFrutos" : 0,
				"columna" : 1,
				"fila" : 1,
				"frutosPerdidos" : 0,
				"frutosVendidos" : 0,
				"letra" : "E",
				"montoTotal" : 0.0
			},
			null,
			null,
			{
				"cantidadFrutos" : 0,
				"columna" : 1,
				"fila" : 4,
				"frutosPerdidos" : 0,
				"frutosVendidos" : 0,
				"letra" : "E",
				"montoTotal" : 0.0
			},
			null,
			null,
			null,
			null,
			null
		],
		[
			null,
			null,
			null,
			null,
			null,
			null,
			null,
			null,
			null,
			null
		],
		[
			null,
			null,
			null,
			null,
			null,
			null,
			null,
			null,
			null,
			null
		],
		[
			null,
			null,
			null,
			null,
			null,
			null,
			null,
			null,
			null,
			null
		],
		[
			null,
			null,
			null,
			null,
			null,
			null,
			null,
			null,
			null,
			null
		],
		[
			null,
			null,
			null,
			null,
			null,
			null,
			null,
			null,
			null,
			null
		],
		[
			null,
			null,
			null,
			null,
			null,
			null,
			null,
			null,
			null,
			null
		],
		[
			null,
			null,
			null,
			null,
			null,
			null,
			null,
			null,
			null,
			null
		],
		[
			null,
			null,
			null,
			null,
			null,
			null,
			null,
			null,
			null,
			null
		]
	],
	"NombrePartida" : "partidaheap.json",
	"PrecioAVL" : 350.01998901367188,
	"PrecioBinario" : 100.01999664306641,
	"PrecioEspanta" : 200.02000427246094,
	"PrecioHeap" : 130.02000427246094,
	"PrecioSplay" : 600.02001953125,
	"SettingAparicionCuervos" : 0,
	"SettingAparicionOveja" : 0,
	"SettingAparicionPlagas" : 0,
	"SettingPorcentCuervos" : 0,
	"SettingPorcentOveja" : 0,
	"SettingPorcentPlagas" : 0,
	"SettingTiempoCuervos" : 0,
	"SettingTiempoFrutosCuervos" : 0,
	"SettingTiempoFrutosOveja" : 0,
	"SettingTiempoOveja" : 0,
	"SettingTiempoPlagas" : 0,
	"SettingfrutosCuervos" : 0,
	"SettingfrutosOveja" : 0,
	"SettingsMercadoAparicion" : 0,
	"SettingsMercadoApertura" : 0
}
